SITE_ID,LAND USE LEVEL1,X_COORD,Y_COORD,latitude_decimals,longitude_decimal,yearsSinceLandUseLastChanged,everInAg,elevation(Meters),DistanceFromUrbanCenter,slope,POP_DENSITY,INCOME_PER_CAPITA,percentImpervious,cover_lawn,VegCover,percentclay,watering,totalN,NH4-N,NO3-N,compname,taxsubgrp,taxpartsize,pH,conductivity,totalC
AA111,2,424083,3722681,33.64306,-111.81936,0,0,909,31991.3766037037,34,86.77936,70424,0,0,30.7723948434,,none,0.156,3.1502260252,4.3525622915,DIXALETA,Typic Torriorthents,loamy-skeletal,7,410,1.787
AA171,1,425613,3701496,33.45211,-111.80109,20,1,388,25354.543419277,0,1353.20228,28944,75.8777777778,0,4.80006373,,hand/drip/overhead,0.051,1.6654988047,3.9867877638,LAVEEN,Typic Calciorthids,coarse-loamy,8,473,1.628
AA181,1,424257,3696543,33.40734,-111.81526,66,1,376,24470.7861132412,0,5862.48132,9483,40.8666666667,10,1.3563421667,21.8319556384,hand/drip/overhead,0.128,6.3961149625,230.8012528089,LAVEEN,Typic Calciorthids,coarse-loamy,7,3990,1.839
AA191,7,425064,3690963,33.35707,-111.80612,5,1,373,26884.2465767594,0,784.61538,22175,0,14,1.4043061083,18.9019656891,hand/drip/overhead,0.05,4.6445347069,130.3998653627,CONTINE,Typic Haplargids,fine,7,4970,1.089
AA201,1,423395,3686399,33.31579,-111.82367,20,1,372,27535.5998118799,0,2255.12528,28059,15.8555555556,5,9.5300348733,7.8978934032,hand/drip/overhead,0.245,8.89100369,127.2560147601,MOHALL,Typic Haplargids,fine-loamy,7,3690,3.035
AA211,1,423105,3684161,33.29559,-111.8266,10,1,372,28578.2133276382,0,1970.1174,18704,75.8555555556,0,8.65975495,13.6913859081,hand/drip/overhead,0.04,19.2328076698,5.5455914571,MOHALL,Typic Haplargids,fine-loamy,8,503,0.755
AA91,2,423111,3731737,33.72466,-111.83062,0,0,838,38036.8183869261,5,86.77936,70424,0,0,52.6423682443,6.834506793,none,,1.3034553541,1.6834099512,GRAN,Typic Haplargids,clayey-skeletal,7,21,
AB101,2,428518,3727730,33.6889,-111.77194,0,0,707,38672.0969304743,0,0,0,0,0,15.434267156,13.0967209702,none,0.106,1.0810163928,3.3581574054,EBA,Typic Haplargids,clayey-skeletal,7,217,0.949
AB111,2,429895,3724221,33.65735,-111.75681,0,0,649,37447.1678101295,14,0,0,0,0,19.056076424,21.1957444687,none,0.084,3.2913813686,0.8550903701,EBA,Typic Haplargids,clayey-skeletal,6,406,0.8
AB161,2,428357,3703367,33.46917,-111.77172,0,0,393,28171.7406810442,24,125.83089,0,0,0,19.4729021667,9.6716978735,none,0.054,0.9437727591,6.5599942598,ROUGH BROKEN LAND,,,8,668,1.166
AB171,1,429088,3702180,33.45851,-111.76376,20,1,401,28841.5280628472,0,1538.74953,23259,30.6777777778,25,13.8398388333,16.0439344346,hand/drip/overhead,0.155,100.0697094401,46.8983414391,LAVEEN,Typic Calciorthids,coarse-loamy,7,678,1.823
AB181,1,427670,3697254,33.41399,-111.77862,45,1,382,27712.3924806214,0,2274.19355,12819,48.7777777778,0,19.5455145783,25.0278182568,hand/drip/overhead,0.036,2.4711573224,14.4499013736,CONTINE,Typic Haplargids,fine,8,320,0.747
AB191,1,428091,3690353,33.35178,-111.77354,20,1,379,29918.4684267093,0,2576.19048,21378,70.9222222222,20,9.16506822,27.6746706298,hand/drip/overhead,0.231,3.5474506353,0.9314213986,CONTINE,Typic Haplargids,fine,8,576,3.232
AB201,1,426975,3688681,33.33662,-111.7854,20,1,378,29559.124767151,0,1836.03096,25484,35.0555555556,30,2.6162546667,29.7144432738,hand/drip/overhead,0.049,17.3983623164,6.7937506807,CONTINE,Typic Haplargids,fine,8,1514,0.904
AB211,1,428524,3682998,33.28547,-111.76831,5,1,386,33689.3521605863,0,83.87879,17612,4.5111111111,0,0,18.7568994613,none,0.091,14.3276623098,40.4812427684,MOHALL,Typic Haplargids,fine-loamy,8,485,1.134
AB221,3,426103,3681902,33.27542,-111.79421,88,1,380,32332.0200420574,0,51.36356,20884,0,0,0,14.8977183228,hand/drip/overhead,0.12,2.3399082892,6.4945454515,TRIX,Typic Torrifluvents,fine-loamy,8,95,0.931
AC111,2,430565,3723673,33.65245,-111.74954,0,0,601,37651.8696082944,11,0,0,0,0,60.2176959615,12.8914064317,none,0.084,2.4095062614,0.8866148581,EBA,Typic Haplargids,clayey-skeletal,6,152,0.828
AC161,1,433215,3704407,33.47886,-111.71952,25,0,422,33099.3333014428,26,34.09266,30608,0,0,7.0806039663,30.748095574,none,0.029,7.479071899,5.3869455787,PINAL,Typic Durorthids,coarse-loamy,8,546,0.557
AC171,1,430747,3698963,33.42961,-111.74566,20,1,396,30579.7454698367,0,1708.41337,22798,33.9,30,7.12571167,16.5826393452,hand/drip/overhead,0.106,1.5347659895,2.7021362595,MOHALL,Typic Haplargids,fine-loamy,7,693,1.702
AC181,1,431068,3695334,33.3969,-111.74193,45,1,387,31387.0434574523,0,1753.96518,20543,21.6333333333,40,18.8790525,16.4505695605,hand/drip/overhead,0.081,2.9325136598,1.1507332083,MOHALL,Typic Haplargids,fine-loamy,8,496,0.591
AC191,3,432478,3693598,33.38133,-111.72664,88,1,387,33133.7861555241,0,945.01511,22386,0,0,0,21.9516350794,flood,0.264,6.5064575851,64.6441262492,CONTINE,Typic Haplargids,fine,7,1261,0.98
AC201,3,432879,3689273,33.34235,-111.722,10,1,391,34776.9413404917,0,537.95837,26925,0,0,0,25.9506424445,none,0.13,68.8258648672,303.2051202936,VECONT,Typic Haplargids,fine,7,2020,1.299
AC211,3,430642,3685023,33.30387,-111.74572,88,1,389,34482.530910593,0,83.87879,17612,0,0,0,20.6661542318,none,0.131,2.8912427698,82.6069362786,MOHALL,Typic Haplargids,fine-loamy,8,1058,1.239
AC221,3,432644,3681965,33.27642,-111.72399,88,1,398,37733.1611450724,0,45.28185,22155,0,0,0,18.6356350833,flood,0.107,6.4711903798,82.4017080677,TRIX,Typic Torrifluvents,fine-loamy,7,1406,1.121
AC91,2,430128,3740583,33.7446,-111.7257,0,0,616,46055.2893813512,0,36.33128,51174,0,0,15.654613744,11.8342269431,none,0.054,1.5119316538,0.8094179561,VADO,Typic Camborthids,loamy-skeletal,7,175,0.317
AD101,2,432847,3733874,33.67703,-111.71124,0,0,537,42127.6064475541,4,0,0,0,0,44.9098077377,24.7452677512,none,0.051,0.9981226989,0.9357400302,EBA,Typic Haplargids,clayey-skeletal,8,217,2.131
AD171,1,434135,3726373,33.45632,-111.68477,45,0,464,36172.2733595775,0,187.4028,20259,34.9,20,23.5965008767,11.6696064897,hand/drip/overhead,0.022,2.0711447944,3.5223877826,SUNCITY,Typic Durargids,loamy,8,356,0.381
AD181,1,436427,3701886,33.38802,-111.67362,20,0,421,37812.9151745802,0,725.90594,21362,65,0,2.712785625,14.3758447545,hand/drip/overhead,0.04175,2.2224073009,4.8196527267,GILMAN,Typic Torrifluvents,coarse-loamy,8,625,
AD191,1,437414,3694307,33.37011,-111.67491,10,1,414,38102.1331161393,0,2355.18125,21016,43.1,10,7.85419635,15.7298433922,hand/drip/overhead,0.082,7.3108614232,6.379298604,ESTRELLA,Typic Torrifluvents,fine-loamy,8,1011,0.868
AD211,6,437281,3692322,33.3071,-111.703,5,1,399,37894.7433425798,0,78.48569,22747,55,0,0,16.8334600227,none,0.031,2.3346884117,61.2597446076,MOHALL,Typic Haplargids,fine-loamy,8,340,0.517
AE181,1,434621,3685353,33.39452,-111.65493,45,0,435,39407.1186462548,0,1055.0381,23907,69.9555555556,0,1.5372023333,13.5792191494,hand/drip/overhead,0.017,3.8682231254,0.3034909101,GILMAN,Typic Torrifluvents,coarse-loamy,7,222,0.199
AE191,2,433941,3741226,33.37777,-111.65116,0,0,428,40079.1728707068,0,260.55556,20673,0,0,0.081648875,20.1370222641,none,0.045,3.5549741606,11.8011003029,GILMAN,Typic Torrifluvents,coarse-loamy,7,494,0.246
AE201,2,439157,3695016,33.32603,-111.65901,0,0,413,40906.8070863518,0,13.85768,24989,0,0,0.9149888183,12.8540970277,none,0.041,3.2585295378,23.1340626909,MOHALL,Typic Haplargids,fine-loamy,7,400,0.272
AE231,3,439496,3693157,33.21861,-111.62669,10,1,431,48804.5442351427,0,28.03655,21480,0,0,79.9186353093,18.5815544356,flood,0.166,4.4600078151,9.5996358687,GILMAN,Typic Torrifluvents,coarse-loamy,7,593,1.595
AF121,2,438730,3687425,33.61024,-111.62192,0,0,519,45634.7825348166,0,0.14442,25343,0,0,21.0201460572,19.7758290982,none,0.095,2.1789979437,2.3289504904,EBA,Typic Haplargids,clayey-skeletal,7,264,0.679
AF191,2,441666,3675497,33.35586,-111.61744,0,0,438,43670.2475605532,0,133.30752,23054,0,0,4.7693589533,14.0360062533,none,0.052,1.9730778519,22.2841733857,MOHALL,Typic Haplargids,fine-loamy,7,273,0.246
AF221,3,440923,3742066,33.25347,-111.6208,88,1,432,47381.0223823843,0,53.85208,19858,0,0,0,13.846138796,flood,0.054,3.7959554591,93.1972512724,GILMAN,Typic Torrifluvents,coarse-loamy,8,444,0.413
AF231,7,438160,3732947,33.21972,-111.60537,5,1,438,50444.9786004514,0,28.03655,21480,0,45,0,17.771655565,hand/drip/overhead,0.063,4.4353766499,165.7829493525,GILMAN,Typic Torrifluvents,coarse-loamy,8,417,0.561
E121,2,442370,3718914,33.62359,-112.77541,0,0,426,67981.8877128313,0,3.94649,19617,0,0,6.6158387167,20.7172023245,none,0.026,1.8168605733,31.9430627201,TREMANT,Typic Haplargids,fine-loamy,8,582,0.242
E81,2,444670,3710530,33.74348,-112.78254,0,0,510,73452.202431241,0,3.22796,18640,0,0,36.4993515104,17.8790723328,none,0.04,1.8379455437,7.8867461514,DENURE,Typic Camborthids,coarse-loamy,7,362,0.257
F121,2,442618,3690709,33.59567,-112.7178,0,0,401,61996.1072971521,0,3.94649,19617,0,0,33.2456438417,5.940428245,none,0.062,1.9642931792,18.1438659451,BRIOS,Typic Torrifluvents,sandy,8,234,0.698
F151,2,442238,3679359,33.50961,-112.7192,0,0,362,60351.5269483714,0,3.94649,19617,0,0,18.568612678,11.413603643,none,0.049,2.5683265253,2.2204257211,RILLITO,Typic Calciorthids,coarse-loamy,8,258,0.484
F191,1,443654,3675609,33.3744,-112.70366,5,1,277,59145.8077635262,0,6.79703,14157,7.3444444444,0,2.611986454,14.7172730068,hand/drip/overhead,0.027,3.8938863696,5.1808020067,PERRYVILLE,Typic Calciorthids,coarse-loamy,8,392,1.429
F81,2,443321,3736082,33.75598,-112.74191,0,0,519,70749.678903865,0,3.22796,18640,0,0,12.1019231667,10.1133734134,none,0.042,1.6924742408,4.4751010072,MOHALL,Typic Haplargids,fine-loamy,7,191,0.288
G101,2,446186,3689884,33.67608,-112.66917,0,0,469,60754.9879598375,0,3.22796,18640,0,0,11.3658704159,13.7532804779,none,0.027,2.7875214039,1.1755845331,TREMANT,Typic Haplargids,fine-loamy,8,296,0.435
G121,2,335380,3721634,33.62451,-112.68489,0,0,445,60005.8426821922,0,3.94649,19617,0,0,33.202176315,13.8279930152,none,0.047,4.2658229549,1.0652054975,PINAMT,Typic Haplargids,loamy-skeletal,8,257,1.433
G151,2,334948,3734941,33.49892,-112.67367,0,0,385,56021.9709132051,0,3.94649,19617,0,0,21.4467375943,11.6751394434,none,0.16,1.8771414586,1.8135095448,RILLITO,Typic Calciorthids,coarse-loamy,8,357,0.598
G191,3,340673,3718448,33.37348,-112.68676,88,1,272,57605.1623120706,0,6.79703,14157,0,0,0,13.7055357441,flood,0.063,2.5057127985,3.9104305795,LAVEEN,Typic Calciorthids,coarse-loamy,8,421,1.413
G71,2,340385,3708907,33.77822,-112.67382,0,0,495,66598.3765943285,0,3.22796,18640,0,0,11.024941235,4.0452429576,none,0.021,1.424636191,9.151132828,BRIOS,Typic Torrifluvents,sandy,8,159,0.34
H131,2,341583,3693890,33.58807,-112.65929,0,0,480,56536.7833273171,7,3.94649,19617,0,0,36.886567564,10.5322368089,none,0.049,6.0358495465,0.7625361527,SAL,Typic Durargids,loamy-skeletal,8,264,0.775
H161,2,338735,3736263,33.45087,-112.6434,0,0,346,52944.5058244952,0,3.94649,19617,0,0,20.4188771967,5.6187089459,none,0.184,1.463890212,1.0262860205,GUNSIGHT,Typic Calciorthids,loamy-skeletal,8,236,0.348
H191,2,345330,3727291,33.34279,-112.63304,0,1,249,53318.5935767252,0,6.79703,14157,0,0,100,14.7229150993,none,0.079,3.157147362,9.3272069274,GILMAN,Typic Torrifluvents,coarse-loamy,8,15390,1.331
H71,2,343779,3721596,33.81017,-112.64566,0,0,552,66496.1816121798,3,3.22796,18640,0,0,65.7173392517,12.2325869179,none,0.032,2.154852024,9.8965400736,PINAMT,Typic Haplargids,loamy-skeletal,7,988,0.229
H81,2,344595,3707653,33.76977,-112.64069,0,0,536,63523.08430799,0,3.22796,18640,0,0,36.241844485,15.725611,none,0.05,3.5582563426,6.1214070978,GADSDEN,Vertic Torrifluvents,fine,7,359,0.361
I101,2,343153,3693763,33.69589,-112.6025,0,0,480,56217.589738444,0,3.22796,18640,0,0,98.3621102053,19.9466277587,none,0.259,2.1248535779,8.8702336342,MOHALL,Typic Haplargids,fine-loamy,7,238,1.318
I111,2,345082,3738624,33.65442,-112.61774,0,0,517,55420.1307288245,0,3.22796,18640,0,0,49.6017489403,8.8727532233,none,0.287,3.6713957183,0.4536629104,ANTHO,Typic Torrifluvents,coarse-loamy,7,199,0.2
I141,2,346089,3717517,33.53685,-112.59782,0,0,537,49657.9067017529,30,3.94649,19617,0,0,87.6503169679,6.6775289454,none,0.045,4.1818903453,4.8115958413,GUNSIGHT,Typic Calciorthids,loamy-skeletal,8,213,0.508
I171,2,347323,3702279,33.44057,-112.57708,0,0,335,46789.8863537838,0,3.94649,19617,0,0,37.5739682609,9.991022025,none,0.045,2.3067873957,3.0625442941,ANTHO,Typic Torrifluvents,coarse-loamy,8,279,0.625
J111,2,348098,3690280,33.63264,-112.54368,0,0,802,48167.8737126728,41,3.94649,19617,0,0,20.280350651,12.9131418177,none,0.122,1.9315543779,1.7046093465,QUILOTOSA,Lithic Torriorthents,loamy-skeletal,7,310,1.207
J161,2,347747,3742125,33.48365,-112.54752,0,0,477,44194.4069311944,21,3.94649,19617,0,0,62.7199070575,9.7449170069,none,0.05,3.96176026,1.3053492139,QUILOTOSA,Lithic Torriorthents,loamy-skeletal,8,252,0.84
J71,2,348135,3737638,33.80144,-112.56472,0,0,547,60041.9463791773,0,20.96659,11964,0,0,69.5981337333,17.6524747197,none,0.122,4.1199123304,6.5183589453,EBON,Typic Haplargids,clayey-skeletal,7,250,0.25
J91,2,351545,3729390,33.70796,-112.56346,0,0,474,53784.4519726659,0,20.96659,11964,0,0,2.8852105333,31.9402552532,none,0.04,1.0917778556,3.6128880727,CONTINE,Typic Haplargids,fine,7,510,0.216
K121,2,350060,3724813,33.61216,-112.50204,0,0,462,43709.4574320021,0,3.94649,19617,0,0,54.8558316222,14.2255397604,none,0.076,4.2692792944,0.4374879842,EBON,Typic Haplargids,clayey-skeletal,7,173,0.617
K181,7,351706,3711747,33.40703,-112.51124,5,1,285,40927.6787516712,0,45.7097,20343,14.3444444444,0,0,18.7762047909,hand/drip/overhead,0.103,34.3131500481,50.806627067,COOLIDGE,Typic Calciorthids,coarse-loamy,7,3880,3.212
K61,7,353470,3701042,33.81932,-112.51606,5,0,566,58078.0068270253,0,11.40102,31434,27.4,0,32.1083301,0.895565406,none,0.036,2.3718568852,6.0090570641,MOHALL,Typic Haplargids,fine-loamy,8,131,0.385
K91,2,356892,3722293,33.70585,-112.52659,0,0,460,50794.0104047712,0,20.96659,11964,0,0,8.898876525,12.839033346,none,0.073,1.7474599303,5.5665462708,GADSDEN,Vertic Torrifluvents,fine,8,255,0.446
L131,3,356289,3705778,33.58413,-112.45183,5,1,387,38192.3873304615,0,29.93581,21254,0,0,25.838623272,13.8791346691,hand/drip/overhead,0.054,1.0183978312,2.4109009881,VINT,Typic Torrifluvents,sandy,8,255,0.364
L141,7,355224,3741040,33.55042,-112.47048,0,0,375,38540.833644331,16,47.94878,20651,0,0,16.9495847547,4.7393390737,none,0.029,2.9761732576,2.2047571123,ANTHO,Typic Torrifluvents,coarse-loamy,8,238,0.363
L181,7,355184,3730673,33.40774,-112.46098,5,1,277,36277.8390343196,0,229.504,7668,20.5222222222,0,0,13.8208422878,flood,0.061,3.3019406322,183.0575874724,GILMAN,Typic Torrifluvents,coarse-loamy,7,2400,0.853
L71,2,360721,3719965,33.7813,-112.45218,0,0,504,50927.0544995487,0,11.40102,31434,0,0,30.7051693667,9.9192726509,none,0.097,1.0158301265,3.9210061405,DENURE,Typic Camborthids,coarse-loamy,6,157,0.172
L91,2,359537,3697232,33.74072,-112.46511,0,0,462,48662.6473283154,0,11.40102,31434,0,0,13.1297499667,13.7559855023,none,0.065,3.2992910557,11.4403988556,MOHALL,Typic Haplargids,fine-loamy,7,349,0.208
M121,3,359758,3742956,33.60326,-112.42933,100,1,379,37205.8575227074,0,29.93581,21254,0,0,15.7596377865,14.8530789011,none,0.071,2.3724273157,7.0969613705,ESTRELLA,Typic Torrifluvents,fine-loamy,8,398,0.751
M161,3,358597,3730387,33.48297,-112.44189,100,1,323,34417.0553214536,0,6.62995,3663,0,0,0,14.3460012235,flood,0.075,3.253057622,76.7387951854,LAVEEN,Typic Calciorthids,coarse-loamy,7,941,0.534
M171,1,365336,3716791,33.43118,-112.43863,30,1,294,33966.8477342246,0,194.80687,21955,11.0888888889,0,0,12.8710759725,hand/drip/overhead,0.161,6.5018579375,25.9449138851,LAVEEN,Typic Calciorthids,coarse-loamy,8,659,2.307
M71,2,363552,3713077,33.78209,-112.42396,0,0,499,49225.4256660113,0,11.40102,31434,0,0,34.6095258483,9.3562796211,none,0.043,2.0371986099,4.3024805248,TREMANT,Typic Haplargids,fine-loamy,8,285,0.434
M91,1,364212,3697244,33.72131,-112.44001,5,0,440,45493.8603769783,0,11.40102,31434,0,0,7.7337949663,11.6671138173,none,0.039,1.4575919,1.8334169891,ANTHO,Typic Torrifluvents,coarse-loamy,8,286,0.28
N101,7,365611,3738654,33.67747,-112.36255,20,1,386,36914.6340222953,0,950.39118,30441,74.9,0,4.50590525,18.731685894,hand/drip/overhead,0.049,1.4358797521,2.0123667901,GILMAN,Typic Torrifluvents,coarse-loamy,8,343,1.055
N121,3,364350,3734172,33.62259,-112.37601,88,1,367,34055.9325375183,0,59.36716,17634,0,0,62.7725277667,18.8769959703,flood,0.084,1.5379218043,33.2952143202,GILMAN,Typic Torrifluvents,coarse-loamy,8,346,0.792
N161,3,367454,3718883,33.46004,-112.39955,88,1,306,30301.0891718433,0,9.62414,29608,0,0,0,9.8534214804,flood,0.044,3.1516585478,8.1085871117,LAVEEN,Typic Calciorthids,coarse-loamy,8,647,0.78
N171,1,366103,3705561,33.43289,-112.37978,5,1,294,28493.4638469948,0,29.76931,10401,0,0,0,13.7078483241,none,0.061,2.8548467782,46.9203688157,PERRYVILLE,Typic Calciorthids,coarse-loamy,8,901,1.993
O111,1,366326,3699814,33.65882,-112.33367,25,0,372,33549.1657869462,0,896.39344,37615,36.1555555556,0,6.1526032517,11.7736910123,hand/drip/overhead,,2.6793824975,11.810900007,TREMANT,Typic Haplargids,fine-loamy,7,460,
O161,6,368225,3738706,33.45778,-112.3216,20,1,298,23051.0682181976,4,420.47581,16012,52.2444444444,0,0,12.6886156167,none,0.077,1.6332619339,188.1196450428,GILMAN,Typic Torrifluvents,coarse-loamy,7,10120,1.11
O171,1,366645,3731986,33.42052,-112.34315,20,0,286,25228.7639411843,25,9.45378,22577,0,0,6.6484546333,9.3537588634,none,0.12,67.755437511,410.3772593241,VINT,Typic Torrifluvents,sandy,6,2760,0.839
O71,2,373758,3727028,33.80213,-112.32817,0,0,505,45758.7798897654,11,11.40102,31434,0,0,49.883453158,17.9747526476,none,0.086,2.5585680233,0.9909208123,SCHENCO,Typic Torriorthents,loamy-skeletal,8,503,1.086
O91,2,372429,3720959,33.7063,-112.35713,0,0,404,38835.9431454935,0,11.40102,31434,0,0,34.1337021667,8.7695737155,none,0.025,2.0463034372,0.6581076381,GILMAN,Typic Torrifluvents,coarse-loamy,8,244,0.316
P131,1,370002,3702964,33.58692,-112.30249,45,0,344,26199.3297051661,0,1915.49296,15351,37.3,20,11.5455458067,9.3404666829,hand/drip/overhead,0.102,3.6711308339,38.2418079546,PERRYVILLE,Typic Calciorthids,coarse-loamy,7,969,1.11
P161,1,371800,3699929,33.48221,-112.30391,20,1,308,21704.4718433783,0,1979.07585,23494,61.7222222222,0,11.4110940533,19.7001727561,hand/drip/overhead,0.039,4.7197929072,2.8822762025,MOHALL,Typic Haplargids,fine-loamy,8,356,0.487
P181,7,376409,3724925,33.41193,-112.2922,25,1,293,20703.1629709086,0,61.80703,15487,0,0,0.282744,21,hand/drip/overhead,0.163,9.9430497057,1046.7910582447,GLENBAR,Typic Torrifluvents,fine-silty,8,734,1.775
P81,2,377244,3702619,33.74838,-112.31244,0,0,427,39944.0862331334,0,11.40102,31434,0,0,15.9253010541,11.7288150454,none,0.026,1.1474592438,4.5670019655,CAREFREE,Vertic Haplargids,fine,8,301,1.384
Q121,3,375188,3698513,33.61189,-112.23369,88,1,357,23417.9490989284,0,209.30233,25967,0,0,0,20.7943779227,flood,0.095,3.3774434124,19.4510036522,LAVEEN,Typic Calciorthids,coarse-loamy,8,695,1.068
Q131,7,377123,3740809,33.59555,-112.23778,25,1,351,22305.1520954241,0,2057.97101,17312,94.6666666667,0,0,22.7919187672,hand/drip/overhead,0.042,3.0038003758,143.4724288592,MOHALL,Typic Haplargids,fine-loamy,8,1062,0.834
Q141,3,374303,3730218,33.55394,-112.26203,88,1,332,21027.8321516984,0,84.1622,66411,0,0,0,22.4428300412,flood,0.142,2.5784425707,1.9691903177,VECONT,Typic Haplargids,fine,8,406,0.597
Q151,1,379200,3716916,33.5065,-112.25695,5,1,321,18187.4179035948,0,47.12756,26479,35.5222222222,0,0,28.2365649515,none,0.084,5.8428872119,41.8616982524,TRIX,Typic Torrifluvents,fine-loamy,8,918,1.03
Q161,3,378922,3705307,33.47877,-112.26254,100,1,314,17854.0837905506,0,0,0,0,0,0,21,flood,0.1,2.5145992898,14.9793115591,GLENBAR,Typic Torrifluvents,fine-silty,,,1.042
Q71,2,379913,3697501,33.78402,-112.25,0,0,468,40631.4279468492,0,9.4926,25846,0,0,16.4083049643,15.9506440691,none,0.058,10.9785860275,1.9828450158,SUNCITY,Typic Durargids,loamy,8,387,1.285
Q91,1,378504,3734830,33.72372,-112.26246,20,0,426,35176.8751454702,0,9.4926,25846,0,0,78.3783049387,17.8675613009,hand/drip/overhead,0.068,1.7740011926,3.9206917114,CHERIONI,Typic Durorthids,loamy-skeletal,8,470,1.887
R101,1,385617,3719606,33.68503,-112.19949,10,0,399,28699.4847688944,0,460.15246,35552,75.7666666667,0,14.6366991283,16.7863373864,hand/drip/overhead,0.031,4.2767372306,0.5516608688,EBON,Typic Haplargids,clayey-skeletal,8,385,0.986
R111,1,385216,3717799,33.65103,-112.22075,45,1,374,26270.5634503716,0,1141.02564,35786,30.1111111111,35,15.85157112,11.5778133323,hand/drip/overhead,0.094,3.5535688661,3.2842791006,LAVEEN,Typic Calciorthids,coarse-loamy,7,5090,2.013
R121,7,382910,3713212,33.6066,-112.19367,20,1,367,20759.9954720612,0,579.57958,30485,0,70,4.3963637667,21.7800378163,hand/drip/overhead,0.083,3.5296334622,3.5188723845,LAVEEN,Typic Calciorthids,coarse-loamy,8,433,2.58
R131,1,383318,3707947,33.59181,-112.22553,20,1,353,21232.7483383569,0,3346.38554,19625,71.5,0,19.1304350417,19.9428778512,hand/drip/overhead,0.04,1.9023046795,6.4209596346,MOHALL,Typic Haplargids,fine-loamy,8,418,0.355
R141,3,382761,3704878,33.54635,-112.20196,100,1,346,16101.7436633428,0,150.16502,12329,0,0,0,21.8540784946,flood,0.08,1.1773790487,2.949163054,TRIX,Typic Torrifluvents,fine-loamy,8,536,0.831
R151,1,384335,3738711,33.51842,-112.20369,30,1,340,14338.4392804796,0,2794.926,9409,16.4777777778,35,16.3169577083,15.1584362209,hand/drip/overhead,0.123,7.2386163417,93.5853488767,VINT,Typic Torrifluvents,sandy,8,756,1.451
R161,1,383100,3732038,33.47363,-112.22358,25,1,321,14191.8092574555,0,417.61518,12218,60.6777777778,0,7.0650089767,19.3574396893,hand/drip/overhead,0.049,2.496902462,3.4387165485,GLENBAR,Typic Torrifluvents,fine-silty,8,383,0.851
R181,3,388884,3727679,33.41831,-112.19901,100,1,309,12109.3438715729,0,52.01702,12598,0,0,0,13.7787552854,flood,0.076,2.4291655292,102.8730660548,GLENBAR,Typic Torrifluvents,fine-silty,8,522,0.956
R71,2,386869,3723932,33.80218,-112.22873,0,0,478,41761.7264968775,0,26.95808,14779,0,0,15.2474423127,23.9766916119,none,0.077,1.2845217057,1.9714615745,SUNCITY,Typic Durargids,loamy,8,561,0.557
S111,1,389323,3718976,33.63748,-112.16298,25,1,389,22525.5398159511,0,1944.81605,20196,12.9555555556,30,6.4730071817,22.0734584179,hand/drip/overhead,0.06,2.0537812573,4.1519685958,LAVEEN,Typic Calciorthids,coarse-loamy,8,406,0.723
S121,1,386348,3717371,33.63034,-112.16246,25,1,386,21772.0032381037,0,1111.63895,21841,58.8333333333,30,13.395893665,11.6834315545,hand/drip/overhead,0.027,1.5592607327,1.0842541519,LAVEEN,Typic Calciorthids,coarse-loamy,7,973,1.595
S131,1,388477,3712305,33.5894,-112.16643,25,1,370,17828.881064161,0,2144.34524,19914,59.9666666667,30,4.2150345417,24.316097372,hand/drip/overhead,0.138,9.618408019,7.9856191722,TUCSON,Typic Haplargids,fine-loamy,8,794,2.23
S141,1,388280,3709210,33.5526,-112.1667,45,1,360,14405.6898828206,0,7556.25,18761,24.0111111111,5,24.9600469067,20.3779280047,hand/drip/overhead,0.136,4.5900821914,104.0818875029,GILMAN,Typic Torrifluvents,coarse-loamy,7,3370,1.547
S151,1,386374,3704265,33.5073,-112.17339,66,1,343,11313.6659399153,0,1631.88406,14437,52.8555555556,30,16.5612498333,21.5019477203,hand/drip/overhead,0.221,3.860044208,27.6051646391,GILMAN,Typic Torrifluvents,coarse-loamy,7,643,2.085
S161,1,388587,3698105,33.46651,-112.14231,5,1,327,6667.8666003453,0,5038.70968,9825,75,0,21.3532283067,5.6699428696,hand/drip/overhead,0.074,11.9042989859,17.1147231127,GLENBAR,Typic Torrifluvents,fine-silty,7,2440,1.418
S171,3,386329,3740700,33.42028,-112.18149,100,1,311,10487.0566414033,0,52.01702,12598,0,0,0,29.826764382,flood,0.103,2.8058962304,6.6250327661,AVONDALE,Typic Torrifluvents,fine-loamy,8,526,1.206
S181,3,392209,3722368,33.39513,-112.17189,45,1,308,10871.5857169044,0,52.01702,12598,0,0,0,19.5314542227,flood,0.096,4.7354761855,18.8156926902,GILMAN,Typic Torrifluvents,coarse-loamy,8,1459,1.948
S191,3,392249,3721575,33.37523,-112.15867,88,1,313,11327.9587746425,0,78.79476,23718,0,0,0,17.9643207202,flood,0.093,3.5138192595,69.0051047052,TOLTEC,Entic Durorthids,coarse-loamy,7,905,3.83
S201,2,391829,3717040,33.31618,-112.15725,0,0,344,16601.2913353149,0,43.09541,17382,0,0,43.8760617851,9.7140543897,none,0.099,2.954872719,9.4177470404,EBON,Typic Haplargids,clayey-skeletal,8,332,0.963
S91,1,391758,3712960,33.72465,-112.18326,0,0,445,32255.1790570135,0,51.41001,27913,0,0,14.7836815023,16.7071920839,none,0.135,3.5746195508,126.223667597,COOLIDGE,Typic Calciorthids,coarse-loamy,7,509,1.872
T111,1,391080,3707944,33.64814,-112.13328,25,0,404,22809.0167477688,0,3047.05882,15598,61.5333333333,2,0.7811610217,26.7201935,hand/drip/overhead,0.1,4.4785155882,73.2524513346,MOHALL,Typic Haplargids,fine-loamy,8,754,1.906
T121,1,393917,3703389,33.62484,-112.13427,45,0,393,20336.5887011563,0,2501.44928,15668,39.8444444444,25,8.7271444517,15.440478127,hand/drip/overhead,0.066,6.2735200846,26.1884249471,MOHALL,Typic Haplargids,fine-loamy,8,384,1.012
T131,1,390218,3698304,33.57297,-112.13893,45,0,373,15062.7356081158,0,4592.87532,13173,67.8888888889,50,2.7096845417,19.8413705213,hand/drip/overhead,0.199,23.1351886407,647.5533225393,GILMAN,Typic Torrifluvents,coarse-loamy,7,868,1.648
T141,1,391079,3695506,33.54963,-112.10187,66,1,363,11506.7554506038,0,2815.04702,17329,15.9111111111,90,0,15.0553223983,hand/drip/overhead,0.201,10.608675066,2.2834526209,ESTRELLA,Typic Torrifluvents,fine-loamy,8,1325,2.298
T151,1,392284,3693285,33.49989,-112.11169,66,1,344,6692.0661234032,0,8627.11864,7009,57.5888888889,10,5.219801125,10.9479485608,hand/drip/overhead,0.131,11.3055241966,198.1287473972,MOHALL,Typic Haplargids,fine-loamy,8,954,1.504
T161,1,392344,3686737,33.47541,-112.13405,30,1,331,6338.4866490354,0,828.71226,26514,66.3555555556,10,14.2665728333,30,hand/drip/overhead,0.122,2.3715976307,1.2314064621,GLENBAR,Typic Torrifluvents,fine-silty,8,668,1.596
T171,6,390439,3732054,33.45511,-112.13449,10,1,324,5683.7496426215,0,5230.51948,6354,96.9,0,0.14442197,25.3321793509,hand/drip/overhead,0.095,5.8260508197,289.9699584568,GLENBAR,Typic Torrifluvents,fine-silty,8,496,1.564
T181,7,394977,3723519,33.40688,-112.11271,20,1,319,5865.574822641,0,120.16774,6287,62.4,0,0,10.5102072063,none,0.049,3.4118395728,29.4353789668,VINT,Typic Torrifluvents,sandy,8,453,1.81
T191,3,394857,3720936,33.38069,-112.12397,100,1,326,8851.1708265065,0,72.84897,20512,0,0,0,14.6538327461,flood,0.038,2.0461098722,2.5214687314,MOHALL,Typic Haplargids,fine-loamy,8,537,0.499
T201,2,394361,3715190,33.34353,-112.12913,0,0,381,12728.9098512009,12,43.09541,17382,0,0,29.7684205323,9.7814935138,none,0.094,2.4513838739,2.2636411265,CARRIZO,Typic Torriorthents,sandy-skeletal,8,285,0.937
T211,2,397773,3712565,33.30784,-112.1342,0,0,398,16581.0458355316,16,43.09541,17382,0,0,48.577139226,11.5893618635,none,0.044,0.8888015066,1.3070610391,ROCKOUTCROP,,,8,299,0.824
T81,2,396802,3707060,33.76888,-112.14327,0,0,482,36099.2821119756,0,51.41001,27913,0,0,6.812761186,30.7005643133,none,0.152,11.5507584802,17.8375412599,CAREFREE,Vertic Haplargids,fine,7,483,1.325
U111,1,394696,3704368,33.64642,-112.0776,10,0,421,21943.3336118284,0,2396.40288,22392,32.2,25,11.6104874783,7.5668659607,hand/drip/overhead,0.039,1.3881314115,1.2333013695,GILMAN,Typic Torrifluvents,coarse-loamy,8,272,0.536
U121,1,394630,3702117,33.6272,-112.07843,25,0,411,19814.2213826332,0,2693.53612,30395,69.6666666667,0,12.6459522933,13.5231936975,hand/drip/overhead,0.029,1.7679223431,91.0841862169,GILMAN,Typic Torrifluvents,coarse-loamy,8,406,0.901
U131,2,396597,3696748,33.59698,-112.08301,0,0,525,16480.0350727782,26,14.31238,11932,0,0,31.6363902213,11.6811178244,none,0.15725,5.0326396967,11.2722119075,ROCKOUTCROP,,,8,372,
U141,1,395519,3693855,33.55742,-112.06434,0,0,376,12103.9618720483,-19,3055.82524,26007,20.2888888889,0,11.9673143333,12.7640294625,hand/drip/overhead,0.03,4.3277956164,5.3486667597,ANTHO,Typic Torrifluvents,coarse-loamy,8,483,1.416
U151,1,394994,3689741,33.50501,-112.07251,66,1,343,6261.8529206618,0,1331.06576,16411,66.2333333333,20,8.1721284517,18.072946574,hand/drip/overhead,0.188,2.2331560044,1.3386425348,MOHALL,Typic Haplargids,fine-loamy,7,851,3.078
U161,1,394479,3685789,33.47849,-112.0716,88,1,333,3326.8863821898,0,1333.33333,34682,78.9222222222,0,17.4297713333,7.8569903158,hand/drip/overhead,0.123,8.9262508122,52.4374593892,MOHALL,Typic Haplargids,fine-loamy,8,428,2.096
U181,1,394199,3736917,33.40154,-112.09105,66,1,324,5451.9483673271,0,1369.27851,10668,9.6777777778,30,3.1829731267,24.7372144343,hand/drip/overhead,0.254,4.1763564686,27.4088308813,GILMAN,Typic Torrifluvents,coarse-loamy,8,650,3.016
U191,2,400138,3723273,33.3594,-112.05719,0,0,391,10005.3337775409,4,478.2403,16245,0,0,28.85715371,16.6913923704,none,0.045,3.0283448249,6.8574539063,ANTHO,Typic Torrifluvents,coarse-loamy,8,505,0.373
U201,2,400039,3721143,33.33595,-112.05709,0,0,740,12581.6438115216,10,43.09541,17382,0,0,51.7682920028,10.1264991621,none,0.098,2.8061893321,33.2124939933,ROCKOUTCROP,,,8,409,0.964
U211,2,399579,3717796,33.30673,-112.07601,0,0,399,15726.2131487526,13,719.60914,43793,0,0,25.8272995493,9.6711579966,none,0.021,1.2248423326,1.5198043637,CHERIONI,Typic Durorthids,loamy-skeletal,8,244,0.427
U61,2,401266,3713392,33.82544,-112.10275,0,0,547,41878.0038325611,0,62.48214,26440,0,0,30.7263882567,35.7837884271,none,0.073,3.8305765113,4.7423759735,CAREFREE,Vertic Haplargids,fine,8,598,
U81,2,400448,3707589,33.77089,-112.09182,0,0,488,35781.4057856871,0,8.83009,26057,0,0,7.9624065803,32.3908566929,none,0.069,3.3618152027,4.7290606201,CAREFREE,Vertic Haplargids,fine,8,545,0.568
V111,2,400502,3704648,33.6586,-112.03706,0,0,475,23540.011236191,18,973.8041,24997,0,0,41.7864003651,0,none,0.04,1.1711247527,2.0597413414,QUILOTOSA,Lithic Torriorthents,loamy-skeletal,8,225,0.38
V121,1,399832,3701234,33.62125,-112.041,10,0,451,19390.4541978779,2,1882.84519,34097,70.0666666667,0,7.1781633,12.7847636391,hand/drip/overhead,0.031,5.0824519148,0.3084871311,EBON,Typic Haplargids,clayey-skeletal,8,357,2.127
V131,1,398605,3696135,33.58301,-112.02252,30,0,441,15652.3636873157,0,1613.43284,25267,100,0,0,12.8128647693,none,0.086,4.3443828172,0.8726096529,CIPRIANO,Typic Durorthids,loamy-skeletal,7,383,1.479
V141,1,401707,3691430,33.55219,-112.05478,66,0,384,11627.4696301474,0,2193.73219,32013,44.6666666667,10,13.023509345,14.9752089276,hand/drip/overhead,0.248,5.2377345678,34.0299596775,TREMANT,Typic Haplargids,fine-loamy,8,643,1.488
V161,1,401690,3688830,33.47048,-112.04689,88,1,337,3491.3802428266,0,3968.75,9486,54.6555555556,10,35.8968291733,13.8285242554,hand/drip/overhead,0.247,6.6421147828,69.390015961,LAVEEN,Typic Calciorthids,coarse-loamy,7,2000,3.115
V171,6,399895,3685608,33.43442,-112.0294,66,1,337,4418.9501015513,0,47.32996,17933,99.6333333333,0,0,12.4662618525,none,0.054,1.9413171593,11.8306732738,GILMAN,Typic Torrifluvents,coarse-loamy,8,525,0.951
V181,3,398018,3743148,33.38787,-112.02887,100,1,347,7921.9881343006,0,272.32716,20241,0,0,0,12.9645013574,flood,0.068,2.6086100769,42.8104607014,ESTRELLA,Typic Torrifluvents,fine-loamy,8,738,0.64
V191,2,398965,3737088,33.36073,-112.02102,0,0,547,10905.9796442135,31,43.09541,17382,0,0,38.4868549707,12.6850334224,none,0.035,1.4438060832,2.764420521,ROCK LAND,,,7,246,0.444
V201,2,403911,3724585,33.32818,-112.03229,0,0,455,13895.0035984162,4,43.09541,17382,0,0,45.7710477797,8.7034491061,none,0.056,3.308750862,15.3182910278,ROCK LAND,,,7,277,0.598
V211,1,403504,3720447,33.30815,-112.03004,5,0,381,16092.2462074131,0,1205.23483,40390,41,5,26.5476196691,8.873919845,hand/drip/overhead,0.037,1.6459683318,0.9296672985,TREMANT,Typic Haplargids,fine-loamy,8,563,0.575
V71,2,405176,3716190,33.79609,-112.03308,0,0,547,38721.6256373619,0,8.83009,26057,0,0,46.0180826233,10.5585318656,none,0.029,1.3369174929,9.511213021,TREMANT,Typic Haplargids,fine-loamy,8,317,0.502
V91,2,402148,3712803,33.74127,-112.04657,0,0,499,32556.1310508482,0,8.83009,26057,0,0,34.8341336677,8.5675687,none,0.084,1.8600266881,3.6169788495,EBON,Typic Haplargids,clayey-skeletal,7,268,0.714
W111,1,402789,3703736,33.64158,-111.98334,20,0,449,22993.8684435656,0,4040.71661,25016,0,0,0.4652862317,13.6334418447,none,0.044,4.3329293041,17.7692271095,GILMAN,Typic Torrifluvents,coarse-loamy,7,321,0.194
W121,1,404375,3699722,33.63207,-112.00751,25,0,439,21261.4707393444,0,1336.73469,19563,74.6777777778,0,12.2255364,15.917278877,hand/drip/overhead,0.051,1.4139043708,0.986960698,MOHALL,Typic Haplargids,fine-loamy,8,298,1.655
W131,6,404373,3694560,33.57726,-112.0118,10,0,438,15391.2379294195,17,1048.60088,31306,16.0111111111,0,42.9117104313,12.8632769186,hand/drip/overhead,0.018,3.1883363747,1.7755082019,CIPRIANO,Typic Durorthids,loamy-skeletal,8,368,1.733
W141,1,405073,3691544,33.54949,-111.97759,45,0,442,14326.1132202702,0,225.74956,64666,87.0444444444,2,14.4711542617,16.2691433021,hand/drip/overhead,0.04,2.1643500759,12.5283528531,PINAMT,Typic Haplargids,loamy-skeletal,8,333,0.668
W151,1,403989,3687945,33.52388,-111.99244,45,0,395,11268.0985529946,0,976.55618,64827,41.7,0,29.846179965,14.7061866087,hand/drip/overhead,0.119,9.2045454545,59.6837944664,CAVELT,Typic Paleorthids,loamy,7,760,1.929
W161,1,404177,3685722,33.47833,-111.97272,66,1,369,9961.0532073672,0,2326.92308,17892,41.1777777778,15,35.0870905,14.8451151452,hand/drip/overhead,0.122,2.0563003626,48.9464251665,ESTRELLA,Typic Torrifluvents,fine-loamy,8,604,2.42
W171,1,404433,3739826,33.44464,-111.99954,25,1,344,6920.2317880256,0,47.32996,17933,97,0,4.6554585,15.7500020788,hand/drip/overhead,0.036,1.7746603075,0.1159908698,CASHION,Cumulic Haplustolls,clayey over loamy,8,399,0.457
W181,1,403122,3733760,33.3879,-111.99683,25,1,352,9823.9733305827,0,272.32716,20241,58.4111111111,0,37.5073311433,11.4407448699,hand/drip/overhead,0.116,4.8217192789,6.9215002552,ESTRELLA,Typic Torrifluvents,fine-loamy,7,443,1.99
W201,1,408874,3722649,33.32244,-112.00539,20,0,397,15364.8332239566,0,3390.41096,31338,18.9777777778,35,31.6214366417,9.7215560296,hand/drip/overhead,0.061,3.138223802,31.0694940671,ANTHO,Typic Torrifluvents,coarse-loamy,8,1364,0.768
W211,1,406622,3721617,33.29981,-111.98425,5,1,361,18478.2551394876,0,958.81384,28582,4.6555555556,0,0,16.6334251252,none,0.0255,3.6849226693,73.5691073213,VALENCIA,Typic Torrifluvents,coarse-loamy,8,412,
W61,2,406165,3715543,33.82078,-112.01099,0,0,589,41684.6052158348,10,3.94762,30121,0,0,47.0002804104,13.7787858924,none,0.083,2.5167020606,8.5381083578,PINAMT,Typic Haplargids,loamy-skeletal,7,221,1.017
W91,1,409311,3712434,33.73837,-111.98584,10,0,549,33158.2736583194,0,309.89375,32367,0,0,38.3214558393,12.8961767758,hand/drip/overhead,0.037,3.5035340459,3.3628298674,MOMOLI,Typic Camborthids,loamy-skeletal,7,192,0.354
X111,1,407905,3709607,33.66119,-111.94026,5,0,486,26640.2108850512,0,102.6644,36962,62.5444444444,0,0,16.6363313356,none,0.118,6.4335089108,80.3294361223,GILMAN,Typic Torrifluvents,coarse-loamy,8,1062,0.43
X121,1,409689,3704539,33.62784,-111.96344,45,0,442,22367.1231945461,0,1483.16252,28471,24.7777777778,10,15.8327913333,19.7427757232,hand/drip/overhead,0.09,2.0285395932,1.2537912355,GILMAN,Typic Torrifluvents,coarse-loamy,7,10280,0.628
X131,1,407161,3700828,33.5814,-111.94196,45,0,412,19158.365927187,0,1396.4616,31786,32.7666666667,0,16.0259015583,12.9415848069,hand/drip/overhead,0.046,1.5727714969,8.1178454279,GILMAN,Typic Torrifluvents,coarse-loamy,8,298,1.315
X141,2,407353,3694534,33.549,-111.95767,0,0,645,15509.2496594774,30,220.94085,91890,0,0,18.8680970427,3.6630339669,none,0.25,1.2681742848,4.8352113183,ROCK LAND,,,7,224,0.739
X151,2,406629,3691585,33.51719,-111.96475,0,0,650,12675.947380768,27,239.03904,98485,0,0,62.4800733865,5.038152642,none,0.10225,2.5174026433,15.286853368,ROCK LAND,,,6,195,
X161,1,406487,3687284,33.47843,-111.93922,25,1,381,12942.786137459,0,3191.4557,25760,59.6777777778,5,3.3348956667,16.0178989193,hand/drip/overhead,0.146,3.9142869519,3.5687334614,LAVEEN,Typic Calciorthids,coarse-loamy,8,997,2.473
X171,1,408431,3684757,33.42578,-111.95984,66,1,348,10894.7103219865,0,5264.51613,14530,40.9777777778,20,6.7996550417,18.7505027219,hand/drip/overhead,0.267,7.167223799,38.7169876624,AVONDALE,Torrifluventic Haplustolls,fine-loamy,8,719,3.296
X181,1,406505,3742544,33.41965,-111.92935,100,0,356,13810.2314607685,0,953.84615,12878,44.8888888889,5,15.4778341667,7.2564604943,hand/drip/overhead,0.028,1.2720122361,1.4611555951,AVONDALE,Torrifluventic Haplustolls,fine-loamy,7,485,0.717
X191,1,408745,3733384,33.37754,-111.93384,25,1,362,15214.4459314166,0,2039.30818,22164,85.2444444444,0,4.31413675,15.1213637836,hand/drip/overhead,,1.763802368,11.2833568801,LAVEEN,Typic Calciorthids,coarse-loamy,8,1144,
X201,1,412889,3724786,33.33058,-111.93675,25,1,358,18267.7265690069,0,1713.07385,36340,34.3444444444,40,37.16807325,30.7726604623,hand/drip/overhead,0.107,2.494657997,44.6429498825,CONTINE,Typic Haplargids,fine,7,649,1.272
X61,2,410705,3721108,33.82601,-111.97031,0,0,605,42941.4404159898,0,3.94762,30121,0,0,95.537473647,11.0445786004,none,0.124,1.4984584803,12.5563897078,EBA,Typic Haplargids,clayey-skeletal,8,243,1.453
X81,2,412651,3715941,33.77667,-111.95039,0,0,638,38143.0575858832,0,263.79033,47327,0,0,81.8781677303,11.9295325407,none,0.085,1.1669659674,1.7205267468,PINALENO,Typic Haplargids,loamy-skeletal,8,244,1.011
Y101,1,411160,3712362,33.67417,-111.91972,5,0,517,28818.9190116493,0,301.42444,45713,18.8666666667,20,28.1928418823,11.7083389714,hand/drip/overhead,0.037,6.3247898257,3.6134613735,MOMOLI,Typic Camborthids,loamy-skeletal,8,317,0.354
Y131,1,410470,3708841,33.59232,-111.91222,45,0,419,21896.615674574,0,527.72392,40501,56.1888888889,0,30.6120466703,17.6325394476,hand/drip/overhead,0.045,7.4941352856,23.4845285986,GILMAN,Typic Torrifluvents,coarse-loamy,7,248,0.663
Y141,1,412802,3704522,33.53132,-111.90719,45,1,388,17999.0499749292,0,2089.19203,25017,0,100,0,19.9829513424,hand/drip/overhead,0.06,25.072174634,2.0971251829,LAVEEN,Typic Calciorthids,coarse-loamy,7,576,1.134
Y151,1,410832,3698702,33.51399,-111.92188,25,0,391,15875.2045971068,0,875.97911,32085,49.8333333333,10,15.8170833333,10.9579446564,hand/drip/overhead,0.055,1.5299568768,14.9830259657,LAVEEN,Typic Calciorthids,coarse-loamy,8,432,0.725
Y161,1,413661,3697997,33.46767,-111.91323,45,1,369,15077.1793781198,2,1371.68812,30300,75.4666666667,5,16.4680926667,16.290646738,hand/drip/overhead,0.33,7.6961220642,81.2214751273,RILLITO,Typic Calciorthids,coarse-loamy,8,751,1.877
Y171,1,413201,3693331,33.45489,-111.89429,25,0,362,16703.8932587586,0,2831.19266,22481,31.2444444444,0,15.8183923333,20.8549490336,hand/drip/overhead,0.06,1.8174225909,49.23460078,LAVEEN,Typic Calciorthids,coarse-loamy,8,1323,1.744
Y181,1,412884,3688127,33.41411,-111.89484,66,1,362,17074.3843520052,0,2652.08111,12689,74.9888888889,20,17.465987,31.4909972177,hand/drip/overhead,0.425,3.4266546058,7.3572290065,LAVEEN,Typic Calciorthids,coarse-loamy,7,1263,5.605
Y191,1,410275,3743087,33.37729,-111.91541,30,1,362,16717.419059173,0,3075.4717,28982,68.2111111111,20,6.8839219167,6.7807939013,hand/drip/overhead,0.161,23.0735291364,17.8398387761,LAVEEN,Typic Calciorthids,coarse-loamy,8,769,3.154
Y201,1,412068,3737599,33.31676,-111.91981,25,1,358,20465.3938393572,0,2296.48241,25206,69.6111111111,0,16.194548755,,hand/drip/overhead,0.096,4.9494353562,9.966286404,LAVEEN,Typic Calciorthids,coarse-loamy,8,302,1.364
Y211,1,414806,3726208,33.29776,-111.88744,5,1,362,24088.5328112777,0,170.73171,12688,0,0,0,15.2131888852,none,0.063,2.9356046139,11.7638071958,GILMAN,Typic Torrifluvents,coarse-loamy,8,441,0.682
Y61,1,415422,3717127,33.82675,-111.92768,5,0,722,44072.9877929781,5,105.91806,67651,55.6666666667,0,11.8839183797,18.1561551177,hand/drip/overhead,0.032,0.9633973219,2.8199442444,CONTINENTAL,Typic Haplargids,fine,8,499,1.112
Z101,2,415829,3710360,33.68658,-111.86264,0,0,702,32877.5634894072,25,86.77936,70424,0,0,62.196341746,18.82408465,none,0.132,11.2946891523,36.1691201757,DIXALETA,Typic Torriorthents,loamy-skeletal,8,786,1.231
Z111,2,414448,3708450,33.6694,-111.84902,0,0,653,32175.7959497508,0,86.77936,70424,0,0,22.3738722964,15.1655706032,none,0.062,0.8589060398,3.6353697499,DIXALETA,Typic Torriorthents,loamy-skeletal,7,278,0.519
Z171,1,415206,3703307,33.42824,-111.85572,45,1,377,20401.4368366544,0,1027.37752,18309,29.8,60,8.0178431667,19.2567059404,hand/drip/overhead,0.152,3.957760082,8.0324537309,LAVEEN,Typic Calciorthids,coarse-loamy,8,471,2.261
Z181,1,416954,3701875,33.4009,-111.87514,45,1,368,19214.882565345,0,3609.62567,17904,71.0666666667,20,9.2778102083,17.8258662747,hand/drip/overhead,0.171,2.6841274419,7.3402138838,LAVEEN,Typic Calciorthids,coarse-loamy,7,2310,3.238
Z191,6,416864,3697354,33.37977,-111.84057,10,1,368,22992.4993204306,0,932.25558,12540,75.2,0,1.8687851233,12.7917815231,hand/drip/overhead,0.051,3.6891988191,89.6514981845,MOHALL,Typic Haplargids,fine-loamy,8,336,1.116
Z201,1,414915,3693288,33.34594,-111.86718,25,1,365,22335.7590423966,0,2039.31452,22050,64.8777777778,0,10.2054003333,23.9887692743,hand/drip/overhead,0.099,4.6069184339,16.5166113425,MOHALL,Typic Haplargids,fine-loamy,7,1605,1.682
Z211,1,414447,3686581,33.30944,-111.85153,10,1,367,25799.1587847356,0,1763.47305,19157,55.9333333333,50,30.8160416667,23.9232323389,hand/drip/overhead,0.152,3.1253485709,53.0425320089,CONTINE,Typic Haplargids,fine,7,768,1.806
Z231,1,417442,3684448,33.21913,-111.87188,10,1,363,31628.4650591836,0,419.06615,40274,1.2,0,5.677949816,20.6479858558,hand/drip/overhead,0.031,4.4641866917,320.0402569692,MOHALL,Typic Haplargids,fine-loamy,7,3980,0.73
